City,ISO,Location
Abilene,ERCOT,HB_WEST
Albuquerque,SPP,SPPSOUTH_HUB
Allentown,PJM,AECO
Austin,ERCOT,LZ_CPS
Baltimore,PJM,BGE
Beaumont,MISO,HB_SOUTH
Bismarck,MISO,ARKANSAS.HUB
Boston,ISO-NE,.H.INTERNAL_HUB
Brownsville,ERCOT,HB_SOUTH
Burlington,ISO-NE,.H.INTERNAL_HUB
Cape Girardeau,MISO,ARKANSAS.HUB
Charleston,PJM,AEP
Chicago OHare,MISO,ILLINOIS.HUB
Cincinnati,PJM,AEP
Cleveland,PJM,APS
Columbus,PJM,AEP
Concord,ISO-NE,.H.INTERNAL_HUB
Conroe,ERCOT,LZ_HOUSTON
Corpus Christi,ERCOT,HB_SOUTH
Covington,PJM,AEP
Dayton,PJM,DAY
Des Moines,MISO,MINN.HUB
Detroit,MISO,MICHIGAN.HUB
Dodge City,SPP,SPPNORTH_HUB
Dover,PJM,DOM
Fargo,MISO,ARKANSAS.HUB
Fresno,CAISO,DLAP_PGAE
Harrisburg,PJM,PENELEC
Hartford,ISO-NE,.H.INTERNAL_HUB
Houston IAH,ERCOT,LZ_HOUSTON
Indianapolis,MISO,INDIANA.HUB
Jackson,MISO,ARKANSAS.HUB
Jonesboro,MISO,ARKANSAS.HUB
Joplin,SPP,SPPNORTH_HUB
KanCty Inl,SPP,SPPNORTH_HUB
Little Rock,MISO,ARKANSAS.HUB
Los Angeles,CAISO,DLAP_SCE
Louisville,PJM,EKPC
Madison,MISO,ILLINOIS.HUB
Memphis,MISO,ARKANSAS.HUB
Midland,ERCOT,HB_WEST
Milwaukee,MISO,ILLINOIS.HUB
Minneapolis,MISO,MINN.HUB
Mobile,MISO,LOUISIANA.HUB
New Bedford,ISO-NE,.H.INTERNAL_HUB
New Haven,ISO-NE,.H.INTERNAL_HUB
New Orleans,MISO,LOUISIANA.HUB
Newark,PJM,PSEG
Ok. City,SPP,SPPNORTH_HUB
Omaha,SPP,SPPNORTH_HUB
Philadelphia,PJM,PECO
Pittsburgh,PJM,DUQ
Providence,ISO-NE,.H.INTERNAL_HUB
Richmond,PJM,DOM
Riverside,CAISO,DLAP_SCE
Sacramento,CAISO,DLAP_PGAE
San Antonio,ERCOT,LZ_CPS
San Diego,CAISO,DLAP_SDGE
San Francisco,CAISO,DLAP_PGAE
San Jose,CAISO,DLAP_PGAE
Scranton,PJM,PPL
Springfield,MISO,ILLINOIS.HUB
St. Joseph,MISO,ARKANSAS.HUB
St. Louis,MISO,ILLINOIS.HUB
Topeka,SPP,SPPNORTH_HUB
Tulsa,SPP,SPPNORTH_HUB
Wash. Dulles,PJM,DOM
Washington,PJM,PEPCO
Wichita,SPP,SPPNORTH_HUB
Williamsport,PJM,PPL
Boise,CAISO,DLAP_PGAE
Columbia,MISO,ARKANSAS.HUB
Daytona Beach,PJM,DOM
Denver,SPP,SPPNORTH_HUB
Farmington,SPP,SPPSOUTH_HUB
Ft. Lauderdale,PJM,DOM
Las Vegas,CAISO,DLAP_SCE
Miami,PJM,DOM
Nashville,MISO,AEP
Phoenix,CAISO,DLAP_SCE
Portland,CAISO,DLAP_PGAE
Ral-Durham,PJM,DOM
Reno,CAISO,DLAP_SCE
Salt Lake City,SPP,DLAP_SCE
Seattle,CAISO,DLAP_PGAE
Spokane,CAISO,DLAP_PGAE
Tampa,PJM,DOM
Tucson,SPP,SPPSOUTH_HUB
West Palm Beach,PJM,DOM
Winnipeg,MISO,ARKANSAS.HUB
Buffalo,NYISO,WEST
JFK,NYISO,LONGIL
La Guardia,NYISO,LONGIL
Syracuse,NYISO,NORTH
Central Park,NYISO,HUD VL
